{
  "language": "C",
  "range": [1, 10000000],
  "primes_found": 664579,
  "single_thread_time": 11.567000,
  "multi_thread_time": 3.934000,
  "speedup": 2.940264
}
